{
  "cards": {
    "card_base_three.png": "card_base_three", 
    "card_06h.png": "card_06h", 
    "card_03s.png": "card_03s", 
    "card_10c.png": "card_10c", 
    "card_base_eight.png": "card_base_eight", 
    "card_05d.png": "card_05d", 
    "card_01h.png": "card_01h", 
    "card_02h.png": "card_02h", 
    "card_03h.png": "card_03h", 
    "card_base_gen.png": "card_base_gen", 
    "card_04h.png": "card_04h", 
    "card_01d.png": "card_01d", 
    "card_05h.png": "card_05h", 
    "card_07h.png": "card_07h", 
    "card_08h.png": "card_08h", 
    "card_09h.png": "card_09h", 
    "card_10h.png": "card_10h", 
    "card_11h.png": "card_11h", 
    "card_12h.png": "card_12h", 
    "card_13h.png": "card_13h", 
    "card_02d.png": "card_02d", 
    "card_03d.png": "card_03d", 
    "card_09c.png": "card_09c", 
    "card_04d.png": "card_04d", 
    "card_07s.png": "card_07s", 
    "card_06d.png": "card_06d", 
    "card_base_seven.png": "card_base_seven", 
    "card_06s.png": "card_06s", 
    "card_07d.png": "card_07d", 
    "card_08d.png": "card_08d", 
    "card_04c.png": "card_04c", 
    "card_09d.png": "card_09d", 
    "card_10d.png": "card_10d", 
    "card_11d.png": "card_11d", 
    "card_base_six.png": "card_base_six", 
    "card_12d.png": "card_12d", 
    "card_13d.png": "card_13d", 
    "card_12s.png": "card_12s", 
    "card_01c.png": "card_01c", 
    "card_02c.png": "card_02c", 
    "card_base_nine.png": "card_base_nine", 
    "card_10s.png": "card_10s", 
    "card_03c.png": "card_03c", 
    "card_05c.png": "card_05c", 
    "card_06c.png": "card_06c", 
    "card_07c.png": "card_07c", 
    "card_08c.png": "card_08c", 
    "card_11c.png": "card_11c", 
    "card_01s.png": "card_01s", 
    "card_12c.png": "card_12c", 
    "card_13c.png": "card_13c", 
    "card_02s.png": "card_02s", 
    "card_base_ace.png": "card_base_ace", 
    "card_04s.png": "card_04s", 
    "card_05s.png": "card_05s", 
    "card_08s.png": "card_08s", 
    "card_09s.png": "card_09s", 
    "card_11s.png": "card_11s", 
    "card_13s.png": "card_13s", 
    "card_back.png": "card_back", 
    "card_base_two.png": "card_base_two", 
    "card_base_four.png": "card_base_four", 
    "card_base_five.png": "card_base_five", 
    "card_base_ten.png": "card_base_ten", 
    "card_base_jack.png": "card_base_jack", 
    "card_base_queen.png": "card_base_queen", 
    "card_base_king.png": "card_base_king", 
    "card_empty.png": "card_empty"
  }, 
  "version": "1.0", 
  "filtering": "NearestNeighbor"
}